{
  "glove": {
    "elo": -1.4695015289754778
  },
  "atharv-model": {
    "elo": 1.4695015289754778
  }
}