{
  "glove": {
    "elo": 5.898074758019437
  },
  "atharv-model": {
    "elo": 14.519483945230657
  },
  "subhash-model": {
    "elo": -31.260741118372025
  },
  "jacky_model": {
    "elo": 16.211434034653482
  },
  "baseline": {
    "elo": -12.01900561598686
  },
  "raymond-model": {
    "elo": -17.349246003544696
  }
}