{
  "glove": {
    "elo": 14.753417357877932
  },
  "atharv-model": {
    "elo": 32.567502041144834
  },
  "subhash-model": {
    "elo": -31.260741118372025
  },
  "jacky_model": {
    "elo": -16.06017828065074
  }
}