{
  "glove": {
    "elo": -2.6270451028004267
  },
  "atharv-model": {
    "elo": 32.567502041144834
  },
  "subhash-model": {
    "elo": -31.260741118372025
  },
  "jacky_model": {
    "elo": -31.32110606594666
  },
  "baseline": {
    "elo": 30.558587719685818
  },
  "raymond-model": {
    "elo": 2.082802526288459
  }
}
